Duplex size(base-pairs),Oligomer 1 name,Oligomer 1 sequence,Index of oligomer 1 first base,Oligomer 2 name,Oligomer 2 sequence,Index of oligomer 2 first base
10,Strand-0279,GTTCGCACCA,22,Strand-0086,TGGTGCGAAC,8
9,Strand-0405,TCGGGAAGA,8,Strand-0147,TCTTCCCGA,23
9,Strand-4075,CTAGTGACT,31,Strand-0416,AGTCACTAG,0
9,Strand-0410,GTTGGCGTC,0,Strand-0152,GACGCCAAC,15
9,Strand-0415,CCGAGGCCT,0,Strand-0151,AGGCCTCGG,15
9,Strand-0329,CACTGCCGA,8,Strand-0087,TCGGCAGTG,23
9,Strand-0328,GCCTTCGCA,23,Strand-0049,TGCGAAGGC,8
9,Strand-0449,CCGCACCGT,8,Strand-0177,ACGGTGCGG,23
9,Strand-0202,CGTTATTGA,15,Strand-0478,TCAATAACG,0
9,Strand-0322,TGTGGCCAT,15,Strand-0053,ATGGCCACA,0
9,Strand-0321,GTATCTATC,15,Strand-0097,GATAGATAC,0
9,Strand-4431,TCGCCACAC,0,Strand-0206,GTGTGGCGA,15
9,Strand-3970,CCGGGCAGA,0,Strand-0327,TCTGCCCGG,15
9,Strand-4114,AGTGAATTG,0,Strand-0447,CAATTCACT,15
9,Strand-3969,CCGAGTTCA,0,Strand-0325,TGAACTCGG,15
9,Strand-4042,TAAATATTA,8,Strand-0446,TAATATTTA,23
9,Strand-4005,AGCCGAAAA,26,Strand-0324,TTTTCGGCT,20
9,Strand-0440,ACTGTGGAC,0,Strand-2241,GTCCACAGT,20
9,Strand-0339,GAAGATAAT,15,Strand-0130,ATTATCTTC,0
9,Strand-0339,ACAGCATTT,0,Strand-0093,AAATGCTGT,15
9,Strand-0334,GACCTGGAT,0,Strand-0094,ATCCAGGTC,15
9,Strand-0458,TAAAGTTTT,9,Strand-0121,AAAACTTTA,20
9,Strand-0458,TGCCGCGGA,23,Strand-0175,TCCGCGGCA,8
9,Strand-0458,TTTGCAAGT,15,Strand-0174,ACTTGCAAA,0
9,Strand-0215,AGTCCCAAG,7,Strand-0394,CTTGGGACT,23
9,Strand-0309,GCTACGGTC,8,Strand-0070,GACCGTAGC,23
9,Strand-0429,TGACGGGAG,8,Strand-0160,CTCCCGTCA,23
9,Strand-0427,TAAGGTAGA,8,Strand-0158,TCTACCTTA,23
9,Strand-4073,GGCATCTTT,0,Strand-0422,AAAGATGCC,15
9,Strand-3933,GGTCCACCA,8,Strand-0295,TGGTGGACC,23
9,Strand-3934,CGTTTGATT,39,Strand-0305,AATCAAACG,8
9,Strand-3931,CTGGACAGT,39,Strand-0297,ACTGTCCAG,8
9,Strand-3931,ACGCCCTCC,31,Strand-0296,GGAGGGCGT,0
9,Strand-0439,AGGGCCGTG,0,Strand-0174,CACGGCCCT,15
9,Strand-4182,CGGGAGGTA,24,Strand-3707,TACCTCCCG,23
9,Strand-0316,GCTTGCGTC,8,Strand-0081,GACGCAAGC,23
9,Strand-0315,GCTCGAGTT,23,Strand-0103,AACTCGAGC,8
9,Strand-0315,GCGAATAAG,15,Strand-0102,CTTATTCGC,0
9,Strand-4191,TCGATTCCT,5,Strand-0314,AGGAATCGA,8
9,Strand-0125,TATCCGCCG,23,Strand-0381,CGGCGGATA,8
9,Strand-3862,GCTGATCCG,39,Strand-0245,CGGATCAGC,8
9,Strand-0245,GCCTTATTG,15,Strand-0067,CAATAAGGC,0
9,Strand-0122,TTACTTGAT,23,Strand-0377,ATCAAGTAA,8
9,Strand-0485,TTACGCTGT,23,Strand-0199,ACAGCGTAA,8
9,Strand-0129,ACTACCAGT,15,Strand-0379,ACTGGTAGT,0
9,Strand-4191,CGCCCAGTA,24,Strand-0007,TACTGGGCG,23
9,Strand-0016,TATAGTGGA,8,Strand-1369,TCCACTATA,7
9,Strand-0491,GATACCCTA,15,Strand-0188,TAGGGTATC,0
9,Strand-0132,CAGCGCAAG,0,Strand-0341,CTTGCGCTG,15
9,Strand-0132,CGCGTCTCT,15,Strand-0388,AGAGACGCG,0
9,Strand-0253,CGTTCGCAT,0,Strand-0034,ATGCGAACG,15
9,Strand-0374,TCATGCTAG,23,Strand-0102,CTAGCATGA,8
9,Strand-0494,ATAGCCATT,23,Strand-0184,AATGGCTAT,8
9,Strand-0250,CGTGATTTG,8,Strand-0031,CAAATCACG,23
9,Strand-0250,GAGGACACT,23,Strand-2281,AGTGTCCTC,8
9,Strand-0106,TACTCTTCA,23,Strand-0356,TGAAGAGTA,8
9,Strand-0106,TTGCCAAGT,15,Strand-0355,ACTTGGCAA,0
9,Strand-0460,CCTGTTTGC,0,Strand-0189,GCAAACAGG,15
9,Strand-4001,CCTGGTCCT,39,Strand-0355,AGGACCAGG,8
9,Strand-0476,ACAGCACCT,23,Strand-0160,AGGTGCTGT,8
9,Strand-0112,CATGTTACG,15,Strand-0358,CGTAACATG,0
9,Strand-0271,AAAGGACGC,15,Strand-1322,GCGTCCTTT,0
9,Strand-3862,CGACCCGAC,0,Strand-0298,GTCGGGTCG,15
9,Strand-4003,TAACATAAT,39,Strand-0357,ATTATGTTA,8
9,Strand-0470,ACACGAGGC,15,Strand-0164,GCCTCGTGT,0
9,Strand-0048,GTCTACATG,15,Strand-0279,CATGTAGAC,0
9,Strand-0287,GAAGATCCA,8,Strand-0059,TGGATCTTC,23
9,Strand-0287,CATATGTCG,15,Strand-0082,CGACATATG,0
9,Strand-4191,TAGGCCAGA,31,Strand-0040,TCTGGCCTA,0
9,Strand-0286,TCTACCGCT,8,Strand-0053,AGCGGTAGA,23
9,Strand-0285,TATAGCAAG,0,Strand-0053,CTTGCTATA,15
9,Strand-0285,TGACCTGCG,15,Strand-0080,CGCAGGTCA,0
9,Strand-0283,CTAGAGGCA,8,Strand-0055,TGCCTCTAG,23
9,Strand-0298,GCATTTTGT,8,Strand-0063,ACAAAATGC,23
9,Strand-0174,AGTCCAACA,8,Strand-0397,TGTTGGACT,23
9,Strand-0052,GCGGGCACG,23,Strand-0279,CGTGCCCGC,8
9,Strand-0052,AGTTCAGCG,15,Strand-0278,CGCTGAACT,0
9,Strand-3898,AATTATCAC,0,Strand-0267,GTGATAATT,15
9,Strand-4201,TGTCCGGTA,31,Strand-0023,TACCGGACA,0
9,Strand-3894,AGGCAAATC,24,Strand-4185,GATTTGCCT,39
9,Strand-0262,CCTACGAAA,0,Strand-0037,TTTCGTAGG,15
9,Strand-4147,ACTGGATGG,0,Strand-3789,CCATCCAGT,15
9,Strand-4005,CAGACACGC,36,Strand-0095,GCGTGTCTG,4
9,Strand-4439,TTCGCGTCA,0,Strand-0193,TGACGCGAA,15
9,Strand-4434,TGACGTATC,8,Strand-4147,GATACGTCA,39
9,Strand-4431,CATGGTTGG,31,Strand-4145,CCAACCATG,0
8,Strand-4005,GCCGAAAA,27,Strand-0407,TTTTCGGC,4
8,Strand-0406,ACAATGTG,8,Strand-0214,CACATTGT,14
8,Strand-0400,GTGGAGTG,10,Strand-0253,CACTCCAC,14
8,Strand-0400,GCACCGTG,17,Strand-0177,CACGGTGC,22
8,Strand-0400,AGTGCACC,14,Strand-0296,GGTGCACT,12
8,Strand-4199,ACTCCACA,12,Strand-0400,TGTGGAGT,9
8,Strand-3826,GCACAGAC,25,Strand-0404,GTCTGTGC,17
8,Strand-0403,CCTCCGTC,16,Strand-0025,GACGGAGG,6
8,Strand-0401,TTATTTAG,6,Strand-0367,CTAAATAA,3
8,Strand-0401,ATTTAGAT,8,Strand-0392,ATCTAAAT,19
8,Strand-3929,GTGTCCGG,8,Strand-0216,CCGGACAC,2
8,Strand-3929,TGGACGTG,34,Strand-0249,CACGTCCA,11
8,Strand-3929,GGCATTCC,14,Strand-0016,GGAATGCC,14
8,Strand-3929,GTGTCCGG,8,Strand-0023,CCGGACAC,2
8,Strand-3929,TAAGGTTT,23,Strand-0393,AAACCTTA,16
8,Strand-3929,GTCCGGCA,10,Strand-0187,TGCCGGAC,9
8,Strand-0418,TTCTTACG,24,Strand-0216,CGTAAGAA,13
8,Strand-0418,AAATCTTC,19,Strand-0421,GAAGATTT,0
8,Strand-0418,CCTGCAAA,14,Strand-0233,TTTGCAGG,5
8,Strand-0417,GTGATACC,0,Strand-0327,GGTATCAC,22
8,Strand-0417,GCTATGGC,17,Strand-0219,GCCATAGC,5
8,Strand-0417,AATTATGC,9,Strand-0251,GCATAATT,8
8,Strand-0417,TACCAAAT,4,Strand-0050,ATTTGGTA,2
8,Strand-0417,TATGGCGC,19,Strand-0395,GCGCCATA,8
8,Strand-4446,TTGGTATC,34,Strand-0417,GATACCAA,2
8,Strand-0411,GGCGCGGC,17,Strand-0373,GCCGCGCC,22
8,Strand-3859,CCGCGCCG,31,Strand-0411,CGGCGCGG,16
8,Strand-0411,GCTTGCAC,8,Strand-0075,GTGCAAGC,12
8,Strand-0410,ATCACTTT,18,Strand-0365,AAAGTGAT,17
8,Strand-0410,GGCGTCCT,3,Strand-0271,AGGACGCC,17
8,Strand-0410,GTTGGCGT,0,Strand-0086,ACGCCAAC,18
8,Strand-4075,TGCGGGAG,23,Strand-0410,CTCCCGCA,9
8,Strand-0415,CCTTAGGG,6,Strand-1312,CCCTAAGG,3
8,Strand-4439,AACCATAA,35,Strand-0414,TTATGGTT,22
8,Strand-4041,AAACTTAC,18,Strand-0413,GTAAGTTT,19
8,Strand-0412,CTTTCGAC,24,Strand-0423,GTCGAAAG,11
8,Strand-0209,CTAGGGCG,1,Strand-0455,CGCCCTAG,10
8,Strand-0209,GGCAACGC,8,Strand-0337,GCGTTGCC,11
8,Strand-0209,CGCACGCA,18,Strand-0372,TGCGTGCG,23
8,Strand-0209,GCATGTAG,23,Strand-0048,CTACATGC,17
8,Strand-4443,TACATGCG,20,Strand-0209,CGCATGTA,22
8,Strand-0209,GGGCGGCA,4,Strand-0099,TGCCGCCC,23
8,Strand-4113,ACGTCGGC,19,Strand-0329,GCCGACGT,12
8,Strand-0328,ACGTGGAA,14,Strand-0257,TTCCACGT,6
8,Strand-0328,CCTGACTA,7,Strand-0172,TAGTCAGG,21
8,Strand-3969,AGTACGGT,11,Strand-0449,ACCGTACT,12
8,Strand-4040,GAGGATAT,21,Strand-0202,ATATCCTC,24
8,Strand-0323,ATCTATTT,13,Strand-0144,AAATAGAT,18
8,Strand-0323,TCTATTTC,14,Strand-0380,GAAATAGA,6
8,Strand-4112,ATAGATTC,1,Strand-0323,GAATCTAT,11
8,Strand-0444,TTTTTATA,19,Strand-0397,TATAAAAA,7
8,Strand-0322,TGTGGCCA,15,Strand-0162,TGGCCACA,11
8,Strand-0443,TGATTTCT,13,Strand-0374,AGAAATCA,18
8,Strand-0443,TTCTGAAT,17,Strand-0147,ATTCAGAA,1
8,Strand-0443,TTCTGAAT,17,Strand-0158,ATTCAGAA,7
8,Strand-0443,ATTTCTGA,15,Strand-0188,TCAGAAAT,7
8,Strand-0321,GCCCAGTA,10,Strand-0007,TACTGGGC,23
8,Strand-4078,GAAGCGAT,10,Strand-0321,ATCGCTTC,24
8,Strand-0442,CTAAAGAG,0,Strand-0437,CTCTTTAG,10
8,Strand-0442,GTCGGGAT,17,Strand-0124,ATCCCGAC,9
8,Strand-0442,GAGCTATG,5,Strand-0197,CATAGCTC,11
8,Strand-0320,GTTCGAAC,8,Strand-0320,GTTCGAAC,8
8,Strand-0320,TGATATTG,1,Strand-0301,CAATATCA,18
8,Strand-4449,TCAAGATG,10,Strand-0320,CATCTTGA,22
8,Strand-4114,TGGTAAGT,10,Strand-0320,ACTTACCA,14
8,Strand-0441,TCCGCATA,6,Strand-0303,TATGCGGA,24
8,Strand-0441,TGTGACCA,14,Strand-0007,TGGTCACA,11
8,Strand-0206,TCCCGTGT,11,Strand-0376,ACACGGGA,15
8,Strand-3933,CGGGCAGA,26,Strand-0327,TCTGCCCG,15
8,Strand-0448,ACGATGCC,17,Strand-0139,GGCATCGT,17
8,Strand-0448,ACGTTGGC,6,Strand-0152,GCCAACGT,18
8,Strand-4113,AACGTCGG,18,Strand-0448,CCGACGTT,3
8,Strand-3970,CCTCCGCC,32,Strand-0205,GGCGGAGG,7
8,Strand-0205,CAGCTCGG,1,Strand-0176,CCGAGCTG,14
8,Strand-0326,ATGCCTGG,5,Strand-0311,CCAGGCAT,17
8,Strand-0447,TCTGCCAC,3,Strand-0454,GTGGCAGA,0
8,Strand-0447,TACTCTGC,0,Strand-0249,GCAGAGTA,0
8,Strand-0447,TTCACTTC,18,Strand-0073,GAAGTGAA,11
8,Strand-0325,ACTCTGAA,11,Strand-0215,TTCAGAGT,2
8,Strand-3931,GAAGGTGC,6,Strand-0325,GCACCTTC,23
8,Strand-0325,CTCGGCAC,19,Strand-0435,GTGCCGAG,15
8,Strand-0325,GATACTAC,5,Strand-0170,GTAGTATC,10
8,Strand-0325,CTGAACTC,14,Strand-0052,GAGTTCAG,14
8,Strand-0446,GTTTTCAC,5,Strand-0121,GTGAAAAC,17
8,Strand-0446,ACTATCTC,11,Strand-0280,GAGATAGT,15
8,Strand-0446,CTATCTCC,12,Strand-0072,GGAGATAG,24
8,Strand-0324,TTCGGCTA,22,Strand-0168,TAGCCGAA,22
8,Strand-0445,AGGTGCAT,13,Strand-0259,ATGCACCT,3
8,Strand-0445,CTGTCCCA,6,Strand-0152,TGGGACAG,3
8,Strand-0440,GCCTGCGG,24,Strand-0464,CCGCAGGC,10
8,Strand-4191,ATGTCCAC,17,Strand-0440,GTGGACAT,3
8,Strand-0250,CGCTGGAG,18,Strand-1309,CTCCAGCG,0
8,Strand-0219,CACAGCCA,1,Strand-0008,TGGCTGTG,10
8,Strand-0219,ATCATAGA,16,Strand-0115,TCTATGAT,18
8,Strand-0339,CCTGTCGA,9,Strand-0454,TCGACAGG,15
8,Strand-0339,TCCTGTCG,8,Strand-0075,CGACAGGA,4
8,Strand-4075,GCGGGAGC,24,Strand-1307,GCTCCCGC,7
8,Strand-3969,ACGCAAGC,23,Strand-0316,GCTTGCGT,8
8,Strand-3969,CGAGTTCA,1,Strand-0103,TGAACTCG,6
8,Strand-0334,GATATACA,12,Strand-0333,TGTATATC,24
8,Strand-0334,CCGTTTGA,20,Strand-0305,TCAAACGG,10
8,Strand-0334,TTGACATC,24,Strand-0198,GATGTCAA,2
8,Strand-0455,AGATCCTG,16,Strand-0247,CAGGATCT,5
8,Strand-0333,TCGCCCTC,15,Strand-0346,GAGGGCGA,0
8,Strand-3898,CGATGGAC,25,Strand-0333,GTCCATCG,10
8,Strand-0333,GGAGGCCG,3,Strand-0195,CGGCCTCC,13
8,Strand-0454,TACCTCGA,11,Strand-0269,TCGAGGTA,15
8,Strand-3966,TCGATCAG,29,Strand-0244,CTGATCGA,18
8,Strand-3966,GATCAGGA,31,Strand-0148,TCCTGATC,5
8,Strand-0211,AGTTGTGC,11,Strand-0430,GCACAACT,12
8,Strand-0332,AGTTCTAT,24,Strand-0342,ATAGAACT,1
8,Strand-0332,GAGCCGAT,2,Strand-0053,ATCGGCTC,8
8,Strand-0332,GTCAGTTC,21,Strand-0029,GAACTGAC,13
8,Strand-3897,GGTATCGG,29,Strand-0332,CCGATACC,5
8,Strand-0332,CAGTTCTA,23,Strand-0032,TAGAACTG,5
8,Strand-0210,ATGCAAAA,16,Strand-0251,TTTTGCAT,4
8,Strand-0331,TCATTCGC,3,Strand-0128,GCGAATGA,15
8,Strand-0331,CATTCGCT,4,Strand-0478,AGCGAATG,12
8,Strand-0331,TTGCGGCA,11,Strand-0470,TGCCGCAA,8
8,Strand-4438,GTTGCCGC,26,Strand-0331,GCGGCAAC,13
8,Strand-0452,TACCCTGT,9,Strand-0140,ACAGGGTA,7
8,Strand-0452,TGTGGACG,24,Strand-2241,CGTCCACA,19
8,Strand-3968,ACCGCATT,23,Strand-0423,AATGCGGT,5
8,Strand-3968,GAGATGTC,6,Strand-0003,GACATCTC,18
8,Strand-3968,GTCAAACG,11,Strand-0257,CGTTTGAC,11
8,Strand-4187,TGCTTGCC,28,Strand-0338,GGCAAGCA,11
8,Strand-4042,GGTGTCCG,24,Strand-0216,CGGACACC,3
8,Strand-4040,TTACGAGG,17,Strand-0216,CCTCGTAA,10
8,Strand-0337,CATAGCGT,7,Strand-0303,ACGCTATG,20
8,Strand-0337,TATCAATC,0,Strand-0485,GATTGATA,6
8,Strand-0337,AATCATAG,4,Strand-0115,CTATGATT,19
8,Strand-0337,AATCATAG,4,Strand-1387,CTATGATT,1
8,Strand-4439,ATGATTGA,13,Strand-0337,TCAATCAT,2
8,Strand-4001,GCATGATA,11,Strand-0337,TATCATGC,22
8,Strand-0284,GCTGCTAA,16,Strand-1305,TTAGCAGC,0
8,Strand-0215,TCAGAGTC,3,Strand-0272,GACTCTGA,4
8,Strand-0214,ATCAGGCA,0,Strand-0013,TGCCTGAT,4
8,Strand-4041,ACCGTGTT,24,Strand-0456,AACACGGT,1
8,Strand-4201,GGCGCGCA,2,Strand-0450,TGCGCGCC,23
8,Strand-0309,TCGATTGG,22,Strand-0062,CCAATCGA,11
8,Strand-0308,GAGGTGAA,3,Strand-3078,TTCACCTC,14
8,Strand-4005,GTCAAGAT,12,Strand-0429,ATCTTGAC,4
8,Strand-0307,ATGAAGGT,24,Strand-0112,ACCTTCAT,10
8,Strand-0428,CGGGCCTG,24,Strand-0292,CAGGCCCG,8
8,Strand-0428,CTAGGAGT,2,Strand-0148,ACTCCTAG,18
8,Strand-0428,AGTCCAAC,7,Strand-0397,GTTGGACT,24
8,Strand-0306,TTTTGTAA,20,Strand-0029,TTACAAAA,3
8,Strand-0427,AAGAGTAA,3,Strand-0016,TTACTCTT,1
8,Strand-0427,GAAGAGTA,2,Strand-0106,TACTCTTC,23
8,Strand-0301,CAATATCA,18,Strand-0091,TGATATTG,19
8,Strand-0301,CCATGTTG,2,Strand-0062,CAACATGG,0
8,Strand-0422,GCCGCTCC,21,Strand-0478,GGAGCGGC,19
8,Strand-0422,ACAAAGAT,13,Strand-0064,ATCTTTGT,18
8,Strand-0300,TTTTAAAA,20,Strand-0300,TTTTAAAA,20
8,Strand-0421,GATTTCAC,3,Strand-0346,GTGAAATC,17
8,Strand-0421,TCACATCC,7,Strand-0274,GGATGTGA,21
8,Strand-3933,GATGGTCC,5,Strand-0376,GGACCATC,20
8,Strand-3934,TATGGAGA,15,Strand-0476,TCTCCATA,4
8,Strand-3934,CAATACTC,5,Strand-0351,GAGTATTG,8
8,Strand-3934,CTCAATAT,10,Strand-4433,ATATTGAG,1
8,Strand-0305,TAATCAAA,7,Strand-0275,TTTGATTA,5
8,Strand-0305,GAGCTCAT,17,Strand-0082,ATGAGCTC,6
8,Strand-0304,GCTTGAGG,19,Strand-0345,CCTCAAGC,23
8,Strand-0304,CCGCTTGA,17,Strand-0382,TCAAGCGG,19
8,Strand-0303,CATGAAGG,5,Strand-0112,CCTTCATG,11
8,Strand-0303,GCTATGCG,22,Strand-0197,CGCATAGC,9
8,Strand-0424,CTACCCGC,6,Strand-0273,GCGGGTAG,17
8,Strand-3970,CGGGCAGA,1,Strand-0302,TCTGCCCG,6
8,Strand-0423,TATAGTTC,19,Strand-0278,GAACTATA,4
8,Strand-4078,CATTAGGA,4,Strand-0423,TCCTAATG,1
8,Strand-3931,GCCCTCCT,33,Strand-0058,AGGAGGGC,14
8,Strand-0319,AACGCGGT,15,Strand-0007,ACCGCGTT,3
8,Strand-0318,CCGTGACA,0,Strand-0230,TGTCACGG,13
8,Strand-0439,GGAAGTAC,17,Strand-0100,GTACTTCC,2
8,Strand-0439,GGCAGGAA,13,Strand-0467,TTCCTGCC,6
8,Strand-0439,CGGCAGGA,12,Strand-0149,TCCTGCCG,24
8,Strand-0439,GCCGTGAT,3,Strand-0153,ATCACGGC,19
8,Strand-3826,TTAGCACA,22,Strand-0175,TGTGCTAA,0
8,Strand-3897,CAGGTGAG,20,Strand-3707,CTCACCTG,0
8,Strand-4454,TCAATCGG,27,Strand-0433,CCGATTGA,19
8,Strand-0311,TCTCCACC,11,Strand-0055,GGTGGAGA,1
8,Strand-4001,TGCCTGGT,37,Strand-0311,ACCAGGCA,16
8,Strand-4446,GGATGGTT,28,Strand-0432,AACCATCC,0
8,Strand-0310,GCTAATAC,21,Strand-0243,GTATTAGC,20
8,Strand-0310,TGATGCAG,1,Strand-0362,CTGCATCA,20
8,Strand-0310,CGCTAAAA,11,Strand-0462,TTTTAGCG,20
8,Strand-3896,TGCATCAC,7,Strand-0310,GTGATGCA,0
8,Strand-0310,CAGACCGC,6,Strand-1393,GCGGTCTG,8
8,Strand-4187,GATTTTAG,16,Strand-0310,CTAAAATC,13
8,Strand-4195,GTCTGCAT,30,Strand-0310,ATGCAGAC,3
8,Strand-0430,CAACTACC,15,Strand-0379,GGTAGTTG,3
8,Strand-0430,GCGCTGTA,1,Strand-0221,TACAGCGC,17
8,Strand-0430,ACCTGTTT,20,Strand-0189,AAACAGGT,17
8,Strand-0316,CTTTGCAC,24,Strand-0352,GTGCAAAG,11
8,Strand-0315,AGCGCGAA,12,Strand-0344,TTCGCGCT,18
8,Strand-0436,GAGTGCGC,8,Strand-0350,GCGCACTC,22
8,Strand-0436,CTTTTTGT,21,Strand-0176,ACAAAAAG,3
8,Strand-0314,TCGAATCA,13,Strand-0115,TGATTCGA,22
8,Strand-4005,CGATTCCT,1,Strand-0314,AGGAATCG,8
8,Strand-4197,GCACACCG,5,Strand-0435,CGGTGTGC,11
8,Strand-0313,CTATTAAC,8,Strand-0265,GTTAATAG,7
8,Strand-0125,TCGTTATC,19,Strand-0264,GATAACGA,24
8,Strand-0367,ACAGCATT,13,Strand-0093,AATGCTGT,16
8,Strand-4188,TGCTGTAA,16,Strand-0367,TTACAGCA,11
8,Strand-0488,CAGTCCAG,20,Strand-0076,CTGGACTG,14
8,Strand-0003,CGTAACAT,3,Strand-0100,ATGTTACG,21
8,Strand-0003,CGTAACAT,3,Strand-0112,ATGTTACG,16
8,Strand-0124,CAGACGCA,2,Strand-1379,TGCGTCTG,2
8,Strand-4204,GTCGGGAT,14,Strand-0124,ATCCCGAC,9
8,Strand-0123,TGAGAAGC,22,Strand-2293,GCTTCTCA,9
8,Strand-4201,AAACATAG,11,Strand-0365,CTATGTTT,8
8,Strand-0122,ATACATTA,18,Strand-0061,TAATGTAT,13
8,Strand-0243,ATTAGCAC,22,Strand-0175,GTGCTAAT,1
8,Strand-0243,TGAGTAGT,9,Strand-0143,ACTACTCA,5
8,Strand-0364,ACGCGAGA,11,Strand-0142,TCTCGCGT,23
8,Strand-0364,ATTCGAAG,20,Strand-0383,CTTCGAAT,8
8,Strand-0166,GGATGTAA,2,Strand-1332,TTACATCC,8
8,Strand-4443,GCTGATAC,15,Strand-0008,GTATCAGC,20
8,Strand-0129,GGATTGCC,1,Strand-0361,GGCAATCC,21
8,Strand-4204,ATAGAGCA,5,Strand-0129,TGCTCTAT,23
8,Strand-0129,GTGCTCTA,22,Strand-3058,TAGAGCAC,20
8,Strand-0472,CACATCCA,15,Strand-1339,TGGATGTG,8
8,Strand-0128,AAGGCGTC,3,Strand-0474,GACGCCTT,2
8,Strand-0128,CTCATATT,24,Strand-0157,AATATGAG,12
8,Strand-4147,AATATGAG,27,Strand-0128,CTCATATT,24
8,Strand-4431,ACGTGCTG,13,Strand-0249,CAGCACGT,8
8,Strand-0249,CAGCACGT,8,Strand-0191,ACGTGCTG,15
8,Strand-0006,TGCAGGGC,7,Strand-0362,GCCCTGCA,17
8,Strand-0006,GGCGCTCG,12,Strand-0106,CGAGCGCC,0
8,Strand-0006,GCTGGCTT,0,Strand-0060,AAGCCAGC,2
8,Strand-0127,CGCTATTC,20,Strand-0076,GAATAGCG,21
8,Strand-4077,CTTCTGTT,20,Strand-0127,AACAGAAG,2
8,Strand-0369,GGCTCGAA,7,Strand-0173,TTCGAGCC,13
8,Strand-4005,AAGCCGAA,25,Strand-0126,TTCGGCTT,5
8,Strand-4040,GTTACGAG,16,Strand-0368,CTCGTAAC,20
8,Strand-4073,CGCCGTTA,23,Strand-0368,TAACGGCG,12
8,Strand-0489,TTTTTATA,19,Strand-0397,TATAAAAA,7
8,Strand-0480,GCGTTTTT,5,Strand-0397,AAAAACGC,10
8,Strand-0121,CGTGAAAA,16,Strand-2241,TTTTCACG,4
8,Strand-4199,ACTCACGC,36,Strand-0363,GCGTGAGT,11
8,Strand-0120,GTTGAGGT,17,Strand-0083,ACCTCAAC,2
8,Strand-4444,GTGTCCGG,30,Strand-0241,CCGGACAC,24
8,Strand-0362,TGGTTTTC,2,Strand-0154,GAAAACCA,10
8,Strand-0362,CAGCCCTG,15,Strand-0272,CAGGGCTG,23
8,Strand-4434,ACGTATCG,10,Strand-0483,CGATACGT,1
8,Strand-4192,CGACCAAA,23,Strand-0240,TTTGGTCG,21
8,Strand-0361,TAAAGAAG,12,Strand-0130,CTTCTTTA,5
8,Strand-0360,TCAATTTT,4,Strand-0104,AAAATTGA,6
8,Strand-0136,TCCGAATA,20,Strand-0255,TATTCGGA,3
8,Strand-0257,GACTAATA,16,Strand-0177,TATTAGTC,11
8,Strand-4042,AAATATTA,9,Strand-0257,TAATATTT,19
8,Strand-0378,CATGGTTC,0,Strand-0113,GAACCATG,9
8,Strand-0256,ATGGCACC,14,Strand-0078,GGTGCCAT,0
8,Strand-0377,TTATCAAG,6,Strand-0098,CTTGATAA,0
8,Strand-0013,TCGGTGCC,0,Strand-0283,GGCACCGA,18
8,Strand-0013,TCGGTGCC,0,Strand-2287,GGCACCGA,6
8,Strand-0012,AGGATACG,19,Strand-0081,CGTATCCT,6
8,Strand-0375,TCAAGTTC,5,Strand-0041,GAACTTGA,15
8,Strand-0375,AATCAATG,20,Strand-0056,CATTGATT,0
8,Strand-4038,AGATATGA,17,Strand-0375,TCATATCT,11
8,Strand-0139,ATCGTATG,20,Strand-0349,CATACGAT,6
8,Strand-4451,ATGTGGAG,22,Strand-0138,CTCCACAT,24
8,Strand-0138,GCTCCACA,23,Strand-0064,TGTGGAGC,23
8,Strand-0259,CACCTCTC,6,Strand-0492,GAGAGGTG,0
8,Strand-0259,GTTAGTAA,24,Strand-0476,TTACTAAC,13
8,Strand-0259,CTCCGCCA,11,Strand-0169,TGGCGGAG,20
8,Strand-0259,TGCACCTC,4,Strand-0168,GAGGTGCA,4
8,Strand-0016,AATGCCTA,16,Strand-0037,TAGGCATT,20
8,Strand-0016,TCTTATAG,5,Strand-0154,CTATAAGA,0
8,Strand-4006,AAACATAG,40,Strand-0016,CTATGTTT,21
8,Strand-0258,AATCGATT,2,Strand-0258,AATCGATT,2
8,Strand-0258,TTTTCTTC,20,Strand-0073,GAAGAAAA,16
8,Strand-0379,TCAATACT,16,Strand-0351,AGTATTGA,9
8,Strand-0370,TAAAGCGA,11,Strand-0169,TCGCTTTA,4
8,Strand-0491,GCCGACGA,7,Strand-1322,TCGTCGGC,8
8,Strand-4434,CGTATCGA,11,Strand-0011,TCGATACG,21
8,Strand-0132,GTCTCTCG,18,Strand-1342,CGAGAGAC,0
8,Strand-0132,CAAGTAAA,5,Strand-0466,TTTACTTG,24
8,Strand-4149,CGTTCGAG,40,Strand-0132,CTCGAACG,22
8,Strand-0253,AGGCTCAC,9,Strand-0040,GTGAGCCT,19
8,Strand-0253,TCACTCCA,13,Strand-0093,TGGAGTGA,6
8,Strand-4436,CCTATGCG,39,Strand-0253,CGCATAGG,4
8,Strand-0374,CCTACCAT,9,Strand-0263,ATGGTAGG,13
8,Strand-4436,CATGATTT,28,Strand-0374,AAATCATG,20
8,Strand-0131,AAAGTTCT,18,Strand-0342,AGAACTTT,3
8,Strand-0131,GACGAAAG,14,Strand-1322,CTTTCGTC,5
8,Strand-0494,GAATCAGT,14,Strand-0171,ACTGATTC,15
8,Strand-0130,TAATAAAA,11,Strand-0177,TTTTATTA,8
8,Strand-0251,CATAATTG,9,Strand-0357,CAATTATG,6
8,Strand-0251,GCAGCTTT,19,Strand-0385,AAAGCTGC,20
8,Strand-4113,TATGCAAA,2,Strand-0251,TTTGCATA,5
8,Strand-0250,GCCGTGAT,6,Strand-0153,ATCACGGC,19
8,Strand-4433,ACGGCGGT,24,Strand-0250,ACCGCCGT,3
8,Strand-0492,GTGTACTT,24,Strand-0037,AAGTACAC,2
8,Strand-0492,AGAGGTGT,1,Strand-0187,ACACCTCT,19
8,Strand-3859,CTATCCGC,27,Strand-0381,GCGGATAG,10
8,Strand-3859,ACTCTATC,24,Strand-0083,GATAGAGT,21
8,Strand-0345,GGCGTCCT,18,Strand-0271,AGGACGCC,17
8,Strand-0466,AGGATGAG,6,Strand-0085,CTCATCCT,14
8,Strand-0466,AGAGTGGC,14,Strand-0061,GCCACTCT,4
8,Strand-4196,AGTAAATC,39,Strand-0466,GATTTACT,22
8,Strand-4077,AGTAAATC,13,Strand-0466,GATTTACT,22
8,Strand-0101,GAGGGCCG,24,Strand-0291,CGGCCCTC,0
8,Strand-4112,CGGCCAAC,40,Strand-0101,GTTGGCCG,17
8,Strand-0343,TCGGGATG,24,Strand-0080,CATCCCGA,7
8,Strand-4195,TACGACAT,17,Strand-0343,ATGTCGTA,7
8,Strand-0100,GAGTACTT,0,Strand-0106,AAGTACTC,20
8,Strand-0100,ATGTTACG,21,Strand-0358,CGTAACAT,0
8,Strand-4003,GTAACATA,38,Strand-0100,TATGTTAC,20
8,Strand-4188,GCTGTAAC,17,Strand-0221,GTTACAGC,15
8,Strand-3896,CCCGGCCT,17,Strand-0107,AGGCCGGG,5
8,Strand-0349,TCATCCAT,23,Strand-0289,ATGGATGA,7
8,Strand-0349,GGCCAACA,0,Strand-0274,TGTTGGCC,12
8,Strand-4038,ATCACCGC,29,Strand-0349,GCGGTGAT,15
8,Strand-0106,CCACCTTC,6,Strand-0091,GAAGGTGG,9
8,Strand-0106,CGAGCGCC,0,Strand-0198,GGCGCTCG,22
8,Strand-0106,TGCCAAGT,16,Strand-3018,ACTTGGCA,24
8,Strand-0227,TGGACTTT,19,Strand-0174,AAAGTCCA,6
8,Strand-0348,TTGGTTTT,4,Strand-0154,AAAACCAA,11
8,Strand-0348,TGGTTTTT,5,Strand-0189,AAAAACCA,5
8,Strand-0105,AGGCAAGT,7,Strand-0055,ACTTGCCT,20
8,Strand-0468,TGGACTAT,23,Strand-0479,ATAGTCCA,16
8,Strand-0104,GATGTCGC,12,Strand-1391,GCGACATC,1
8,Strand-4038,AGAGGGCG,0,Strand-0104,CGCCCTCT,17
8,Strand-3970,GTTGCGGC,12,Strand-0470,GCCGCAAC,9
8,Strand-0220,ACAGGTCA,7,Strand-2247,TGACCTGT,0
8,Strand-0341,GGCGGCTT,10,Strand-0099,AAGCCGCC,7
8,Strand-0340,AAAGGTGT,12,Strand-0359,ACACCTTT,19
8,Strand-4434,ACGACACC,40,Strand-0340,GGTGTCGT,15
8,Strand-0460,TTTGCAAG,4,Strand-0174,CTTGCAAA,1
8,Strand-3894,CAAATCCT,27,Strand-0460,AGGATTTG,12
8,Strand-4006,TTGCAAAC,3,Strand-0460,GTTTGCAA,3
8,Strand-0119,TGATATCA,2,Strand-0119,TGATATCA,2
8,Strand-0119,ATGGATGT,9,Strand-0472,ACATCCAT,16
8,Strand-0119,GATATCAT,3,Strand-0269,ATGATATC,9
8,Strand-0119,TCATGGAT,7,Strand-0035,ATCCATGA,18
8,Strand-4001,CATGATAT,12,Strand-0119,ATATCATG,4
8,Strand-0356,CAAATTTG,24,Strand-0356,CAAATTTG,24
8,Strand-0356,CCGCACCA,18,Strand-0027,TGGTGCGG,12
8,Strand-0113,CATCACAC,0,Strand-0353,GTGTGATG,11
8,Strand-0113,TGGTGTAA,21,Strand-0061,TTACACCA,21
8,Strand-0355,AGGTGTGA,14,Strand-0359,TCACACCT,17
8,Strand-0355,ACTTGGCA,0,Strand-1379,TGCCAAGT,8
8,Strand-4112,CACACCTG,13,Strand-0355,CAGGTGTG,13
8,Strand-0476,ACTTACAG,19,Strand-0290,CTGTAAGT,15
8,Strand-4188,TGCTGTAA,16,Strand-0476,TTACAGCA,21
8,Strand-0112,TGTTACGG,17,Strand-0265,CCGTAACA,20
8,Strand-0112,TACGGCTC,20,Strand-0157,GAGCCGTA,17
8,Strand-0112,TGTTACGG,17,Strand-0198,CCGTAACA,14
8,Strand-0233,GGGTGGTA,11,Strand-0060,TACCACCC,13
8,Strand-3898,ATCACACA,4,Strand-0353,TGTGTGAT,10
8,Strand-4077,AATGGCAT,31,Strand-0239,ATGCCATT,18
8,Strand-3862,AGAAGTGG,20,Strand-0293,CCACTTCT,12
8,Strand-3862,GGCCTGCT,34,Strand-0292,AGCAGGCC,6
8,Strand-3862,GGCGTTCG,27,Strand-0181,CGAACGCC,11
8,Strand-3862,CCTGCTGA,36,Strand-4438,TCAGCAGG,9
8,Strand-3862,TGATGAAG,12,Strand-4184,CTTCATCA,35
8,Strand-4446,ACGTTCAC,10,Strand-0117,GTGAACGT,3
8,Strand-0359,TTCACACC,16,Strand-0027,GGTGTGAA,18
8,Strand-4042,AAAGGTGT,21,Strand-0359,ACACCTTT,19
8,Strand-0115,GATATGCC,3,Strand-0042,GGCATATC,21
8,Strand-4433,AGATAGCT,7,Strand-0115,AGCTATCT,13
8,Strand-4005,ATCATAGA,18,Strand-0115,TCTATGAT,18
8,Strand-4038,CCGCTCCA,33,Strand-0478,TGGAGCGG,18
8,Strand-0352,ACATTCGT,5,Strand-0034,ACGAATGT,21
8,Strand-4454,CCAGTCAA,23,Strand-0473,TTGACTGG,6
8,Strand-4441,ATCTCACC,22,Strand-0472,GGTGAGAT,5
8,Strand-0350,GCACTCCT,24,Strand-0470,AGGAGTGC,3
8,Strand-0350,CGGCCCTC,8,Strand-0058,GAGGGCCG,16
8,Strand-0169,TAAATCCT,10,Strand-0035,AGGATTTA,6
8,Strand-0082,CTTGGCAG,16,Strand-1379,CTGCCAAG,7
8,Strand-0081,CAGACGCA,21,Strand-1379,TGCGTCTG,2
8,Strand-0168,GCCGAATC,24,Strand-0171,GATTCGGC,18
8,Strand-0289,GGATGAGC,9,Strand-0085,GCTCATCC,13
8,Strand-0166,GTAATAGA,6,Strand-3038,TCTATTAC,15
8,Strand-4185,GGCTCACG,7,Strand-0040,CGTGAGCC,18
8,Strand-4196,GCAGTAAA,37,Strand-0282,TTTACTGC,21
8,Strand-0286,TTCTTATC,2,Strand-0098,GATAAGAA,3
8,Strand-0164,TTCGGCGT,19,Strand-0271,ACGCCGAA,20
8,Strand-0164,TCGTGTGC,3,Strand-3058,GCACACGA,24
8,Strand-0042,TCCGTGGA,2,Strand-0028,TCCACGGA,11
8,Strand-0163,GGCTCATA,4,Strand-0028,TATGAGCC,22
8,Strand-0163,CTCATAGT,6,Strand-0381,ACTATGAG,23
8,Strand-0163,GGCTCATA,4,Strand-0157,TATGAGCC,14
8,Strand-0163,GGGCTCAT,3,Strand-0394,ATGAGCCC,7
8,Strand-0163,CATAGTCC,8,Strand-3036,GGACTATG,1
8,Strand-0284,AACCTAAA,22,Strand-0292,TTTAGGTT,18
8,Strand-4434,GCTGGCGG,19,Strand-1373,CCGCCAGC,0
8,Strand-4443,CCATGCCT,29,Strand-0283,AGGCATGG,12
8,Strand-0059,AGTCGTGC,4,Strand-0272,GCACGACT,0
8,Strand-0058,GCGGGCCT,23,Strand-0157,AGGCCCGC,24
8,Strand-0058,CGGGCCTG,24,Strand-0152,CAGGCCCG,8
8,Strand-4149,CCCAACCA,25,Strand-0058,TGGTTGGG,5
8,Strand-4185,CCACTAGG,28,Strand-0058,CCTAGTGG,0
8,Strand-0057,AGTGGCGA,4,Strand-0171,TCGCCACT,0
8,Strand-0057,GTGGCGAC,5,Strand-0275,GTCGCCAC,15
8,Strand-0299,GCTAATCA,8,Strand-0275,TGATTAGC,7
8,Strand-0056,CTTTCGTA,14,Strand-0262,TACGAAAG,2
8,Strand-4192,AATAAAAG,11,Strand-0177,CTTTTATT,7
8,Strand-0298,GGTCGACC,19,Strand-0298,GGTCGACC,19
8,Strand-4433,GACCCGAC,34,Strand-0298,GTCGGGTC,15
8,Strand-4005,ATCATAGA,18,Strand-1387,TCTATGAT,0
8,Strand-0051,GTAATTAC,4,Strand-0051,GTAATTAC,4
8,Strand-0051,GAGCTATT,19,Strand-0265,AATAGCTC,10
8,Strand-0051,GTGGTAAT,1,Strand-0060,ATTACCAC,11
8,Strand-4042,TGACTAAA,4,Strand-0172,TTTAGTCA,19
8,Strand-0293,CTCCACTT,10,Strand-0031,AAGTGGAG,4
8,Strand-0171,ATTCGGCG,19,Strand-0271,CGCCGAAT,21
8,Strand-0170,ATGCGTAG,6,Strand-0197,CTACGCAT,19
8,Strand-0291,AGGTCTCC,24,Strand-0055,GGAGACCT,4
8,Strand-0291,AGTGAGTC,11,Strand-0029,GACTCACT,18
8,Strand-4188,ACCTTTGG,34,Strand-0291,CCAAAGGT,20
8,Strand-4077,CTGTTGAG,23,Strand-0291,CTCAACAG,5
8,Strand-0290,CCGATCGG,1,Strand-0290,CCGATCGG,1
8,Strand-4110,CCACACTT,11,Strand-0290,AAGTGTGG,19
8,Strand-0055,AGTAATAC,14,Strand-0297,GTATTACT,3
8,Strand-0055,CGGTGGAG,0,Strand-0265,CTCCACCG,15
8,Strand-0055,GACCTGGA,7,Strand-0094,TCCAGGTC,16
8,Strand-0055,TGCCTCTA,23,Strand-0194,TAGAGGCA,22
8,Strand-4438,GTTGCCGC,26,Strand-0175,GCGGCAAC,11
8,Strand-4073,TTAGCACA,28,Strand-0175,TGTGCTAA,0
8,Strand-4187,TTGCCGCG,31,Strand-0175,CGCGGCAA,10
8,Strand-0296,CGTGTTGG,6,Strand-0174,CCAACACG,11
8,Strand-0296,GGCGTGTT,4,Strand-0387,AACACGCC,5
8,Strand-0296,GGCGTGTT,4,Strand-0086,AACACGCC,15
8,Strand-0053,GCTATAGC,18,Strand-0053,GCTATAGC,18
8,Strand-4449,GTGGCCAT,3,Strand-0053,ATGGCCAC,0
8,Strand-4203,TGTATTTA,20,Strand-0295,TAAATACA,0
8,Strand-4201,GGCATTTG,18,Strand-0295,CAAATGCC,6
8,Strand-4431,TTGGGCAT,26,Strand-0295,ATGCCCAA,9
8,Strand-0295,AAATACAA,1,Strand-0191,TTGTATTT,3
8,Strand-4006,CCAGGATG,13,Strand-0173,CATCCTGG,21
8,Strand-4001,ACCACAGC,24,Strand-0173,GCTGTGGT,6
8,Strand-4199,CCACAGCT,15,Strand-0173,AGCTGTGG,5
8,Strand-0294,GTCCAGGT,1,Strand-0076,ACCTGGAC,12
8,Strand-0274,GTCATTGT,7,Strand-1383,ACAATGAC,2
8,Strand-4441,TTGTCATT,10,Strand-1383,AATGACAA,4
8,Strand-0147,GAACTGCC,6,Strand-0033,GGCAGTTC,10
8,Strand-4449,AGATGGGC,13,Strand-0147,GCCCATCT,11
8,Strand-4191,CTGAGATG,12,Strand-0147,CATCTCAG,14
8,Strand-3896,TGTAACGT,31,Strand-0268,ACGTTACA,18
8,Strand-4149,CAGCACGT,35,Strand-0025,ACGTGCTG,24
8,Strand-4433,GCTGGAAT,16,Strand-0267,ATTCCAGC,21
8,Strand-4443,GATACATG,18,Strand-0388,CATGTATC,16
8,Strand-4189,AAGCCGTC,23,Strand-0145,GACGGCTT,12
8,Strand-0387,GAGGTCAA,13,Strand-0070,TTGACCTC,13
8,Strand-2207,GTGGAGGA,24,Strand-0085,TCCTCCAC,18
8,Strand-4444,GTGTCCGG,30,Strand-0023,CCGGACAC,2
8,Strand-0144,TAGATCTA,21,Strand-0144,TAGATCTA,21
8,Strand-0144,GAACAAAA,13,Strand-2247,TTTTGTTC,20
8,Strand-4038,ATTTAGAT,13,Strand-0144,ATCTAAAT,24
8,Strand-4077,TCGACCGC,40,Strand-0144,GCGGTCGA,4
8,Strand-4078,ATTAGGAA,5,Strand-0386,TTCCTAAT,6
8,Strand-4078,GATTAGGA,15,Strand-0386,TCCTAATC,7
8,Strand-0029,CGGAACTG,11,Strand-1365,CAGTTCCG,8
8,Strand-3896,CTACGTAG,23,Strand-3896,CTACGTAG,23
8,Strand-3896,CCGGCCTA,18,Strand-3894,TAGGCCGG,34
8,Strand-3896,GGCCTACG,20,Strand-0157,CGTAGGCC,21
8,Strand-3896,TCTCTGTT,38,Strand-0038,AACAGAGA,5
8,Strand-3896,GTGTAACG,30,Strand-0185,CGTTACAC,23
8,Strand-0149,AAAACAAA,8,Strand-0383,TTTGTTTT,20
8,Strand-0149,AACAAATT,10,Strand-0087,AATTTGTT,7
8,Strand-3897,AGCCGGCT,11,Strand-3897,AGCCGGCT,11
8,Strand-3897,TTCGCATC,38,Strand-0034,GATGCGAA,14
8,Strand-3897,GTGGACGT,3,Strand-2241,ACGTCCAC,18
8,Strand-0148,CATTCTAC,12,Strand-0273,GTAGAATG,21
8,Strand-0148,GATCATTC,9,Strand-0095,GAATGATC,12
8,Strand-0269,TAATGATA,7,Strand-0398,TATCATTA,6
8,Strand-3898,ATTCAGTC,12,Strand-0076,GACTGAAT,17
8,Strand-3898,ACAATTCA,9,Strand-4114,TGAATTGT,2
8,Strand-4187,GCCGCGAA,33,Strand-0381,TTCGCGGC,4
8,Strand-4454,GCTTACGC,34,Strand-0380,GCGTAAGC,14
8,Strand-3894,CAGCAGCC,6,Strand-0195,GGCTGCTG,22
8,Strand-3894,CCTAGGCC,32,Strand-4114,GGCCTAGG,35
8,Strand-4448,TGTGCATG,35,Strand-0143,CATGCACA,20
8,Strand-0143,ACTCCATG,16,Strand-0093,CATGGAGT,4
8,Strand-0264,TTGATAAC,22,Strand-0382,GTTATCAA,15
8,Strand-0263,CTCCAATG,8,Strand-0192,CATTGGAG,6
8,Strand-0384,CATTCGTT,2,Strand-0034,AACGAATG,20
8,Strand-0383,TTTTCTTC,4,Strand-0073,GAAGAAAA,16
8,Strand-0383,GAATCCGC,12,Strand-3096,GCGGATTC,6
8,Strand-0140,TATTGACA,2,Strand-0196,TGTCAATA,14
8,Strand-0261,CCGTGAGC,20,Strand-0083,GCTCACGG,10
8,Strand-4185,GGCTCACG,7,Strand-0261,CGTGAGCC,21
8,Strand-0158,CTATTCAG,5,Strand-0076,CTGAATAG,19
8,Strand-0279,ACGTGCCC,7,Strand-2247,GGGCACGT,9
8,Strand-0036,ATAGAGAT,18,Strand-0068,ATCTCTAT,0
8,Strand-0278,TCGGTTCT,24,Strand-0038,AGAACCGA,10
8,Strand-0035,GGATATCC,14,Strand-0035,GGATATCC,14
8,Strand-0035,TTTAGGAT,10,Strand-0095,ATCCTAAA,17
8,Strand-0398,ATTGCAAT,13,Strand-0398,ATTGCAAT,13
8,Strand-0034,AGCAGCCT,2,Strand-0195,AGGCTGCT,21
8,Strand-0034,GCGAACGA,17,Strand-3078,TCGTTCGC,22
8,Strand-4185,GCTGCTAA,16,Strand-0034,TTAGCAGC,0
8,Strand-0039,TTGCGCAA,1,Strand-0039,TTGCGCAA,1
8,Strand-4443,ATACATGC,19,Strand-0039,GCATGTAT,17
8,Strand-0031,AGTGGAGG,5,Strand-1369,CCTCCACT,5
8,Strand-4006,GCGTTGAC,25,Strand-0391,GTCAACGC,23
8,Strand-4196,ATTAAACT,13,Strand-0390,AGTTTAAT,1
8,Strand-0032,AAAACGTG,23,Strand-2247,CACGTTTT,12
8,Strand-4112,CGGCCAAC,40,Strand-0274,GTTGGCCG,13
8,Strand-4200,AGAGTAAC,16,Strand-0031,GTTACTCT,14
8,Strand-4006,GATTTGCA,0,Strand-0031,TGCAAATC,21
8,Strand-4112,GCAGAGTA,32,Strand-0031,TACTCTGC,16
8,Strand-4185,CCTCCACT,25,Strand-0031,AGTGGAGG,5
8,Strand-4075,TGCAGAGT,3,Strand-0031,ACTCTGCA,17
8,Strand-4145,GGCGTCGG,32,Strand-0152,CCGACGCC,13
8,Strand-0273,CATCGATG,10,Strand-0273,CATCGATG,10
8,Strand-4001,ACAGCGTT,27,Strand-0273,AACGCTGT,1
8,Strand-0394,TCTCGTAA,15,Strand-3038,TTACGAGA,19
8,Strand-4077,ATGGCATC,32,Strand-0394,GATGCCAT,1
8,Strand-4449,AGTCCGAG,32,Strand-0151,CTCGGACT,19
8,Strand-4451,AGAGTCGT,28,Strand-0272,ACGACTCT,2
8,Strand-4444,GGTGTCCG,29,Strand-0393,CGGACACC,8
8,Strand-0091,GTGGATTG,13,Strand-0096,CAATCCAC,8
8,Strand-4449,GGCCATCA,5,Strand-4443,TGATGGCC,6
8,Strand-4204,GTCTGTTC,30,Strand-0077,GAACAGAC,5
8,Strand-4446,TCTAGCGA,18,Strand-0075,TCGCTAGA,23
8,Strand-4446,ATGGTTGG,30,Strand-4149,CCAACCAT,26
8,Strand-4446,ATGGTTGG,30,Strand-4145,CCAACCAT,0
8,Strand-4203,CTGATCAG,37,Strand-4203,CTGATCAG,37
8,Strand-4203,TATTTAGT,22,Strand-4042,ACTAAATA,6
8,Strand-4203,ATCAGAGG,40,Strand-4078,CCTCTGAT,38
8,Strand-4448,ATGACCTG,40,Strand-0080,CAGGTCAT,2
8,Strand-4448,ACCAACAA,14,Strand-4114,TTGTTGGT,6
8,Strand-0084,GTTCGAAC,24,Strand-0084,GTTCGAAC,24
8,Strand-4199,GAGCGTTG,0,Strand-0083,CAACGCTC,6
8,Strand-4441,CATTACAA,29,Strand-0099,TTGTAATG,17
8,Strand-4189,CCAAGCCG,21,Strand-0082,CGGCTTGG,13
8,Strand-4201,ACGTATCA,39,Strand-4147,TGATACGT,38
8,Strand-4443,TGATCTTG,36,Strand-4005,CAAGATCA,14
8,Strand-4443,CTTGGGAC,40,Strand-4040,GTCCCAAG,9
8,Strand-4443,GTGATGGC,5,Strand-4038,GCCATCAC,26
8,Strand-0086,CGAACACG,13,Strand-0185,CGTGTTCG,17
8,Strand-4075,GGGAGCTA,26,Strand-2261,TAGCTCCC,7
8,Strand-0094,TCCAGGTC,16,Strand-0076,GACCTGGA,11
8,Strand-4454,CAATCGGC,28,Strand-0099,GCCGATTG,12
8,Strand-0099,AAATAAGC,3,Strand-3036,GCTTATTT,19
8,Strand-0098,AGAAGCGA,7,Strand-2293,TCGCTTCT,7
8,Strand-4112,CCTGTCGT,17,Strand-0097,ACGACAGG,23
8,Strand-4451,CCATTTAC,36,Strand-0184,GTAAATGG,5
8,Strand-4451,GTCGTCCA,31,Strand-4434,TGGACGAC,37
8,Strand-4114,TTGGTAAG,9,Strand-0096,CTTACCAA,3
8,Strand-4073,GAGCCCTA,39,Strand-0068,TAGGGCTC,18
8,Strand-0067,ATACCCTA,9,Strand-0188,TAGGGTAT,0
8,Strand-0061,ATTTACAC,19,Strand-0196,GTGTAAAT,0
8,Strand-4196,ACATTAAA,11,Strand-0061,TTTAATGT,11
8,Strand-4149,GTTTGGGT,14,Strand-0060,ACCCAAAC,17
8,Strand-0181,CGCCGGCG,15,Strand-0181,CGCCGGCG,15
8,Strand-4001,GCGTTCGT,30,Strand-0181,ACGAACGC,10
8,Strand-0187,TCAGTGCC,5,Strand-0186,GGCACTGA,14
8,Strand-0186,CGAGAGGC,9,Strand-0192,GCCTCTCG,16
8,Strand-0078,ACGGTCAG,20,Strand-0070,CTGACCGT,21
8,Strand-4436,TGATTTAC,30,Strand-4196,GTAAATCA,40
8,Strand-4193,TCACTTCT,4,Strand-0073,AGAAGTGA,10
8,Strand-4038,CCAGATTA,38,Strand-0194,TAATCTGG,8
8,Strand-4431,ATGGTTGG,32,Strand-4149,CCAACCAT,26
8,Strand-4431,ATGGTTGG,22,Strand-4145,CCAACCAT,0
8,Strand-0072,GATGCATC,14,Strand-0072,GATGCATC,14
8,Strand-4042,CCGTCACC,32,Strand-0072,GGTGACGG,7
8,Strand-4433,TAGCTTGC,10,Strand-0075,GCAAGCTA,14
8,Strand-0070,CAAATTTG,8,Strand-0070,CAAATTTG,8
8,Strand-4147,GGTCAGGA,7,Strand-0070,TCCTGACC,19
8,Strand-0070,AAATTTGA,9,Strand-3096,TCAAATTT,19
8,Strand-4149,CAGCACGT,35,Strand-0191,ACGTGCTG,15
8,Strand-0196,ATAATTAT,23,Strand-0196,ATAATTAT,23
8,Strand-4187,AACTACGT,39,Strand-0074,ACGTAGTT,11
8,Strand-4006,TTTGCAAA,2,Strand-4006,TTTGCAAA,2
8,Strand-4001,TGGTACCA,20,Strand-4001,TGGTACCA,20
8,Strand-4075,ACACCATA,14,Strand-3036,TATGGTGT,5
8,Strand-4113,ACACTAAA,12,Strand-2281,TTTAGTGT,5
8,Strand-4114,AAGTACTT,14,Strand-4114,AAGTACTT,14
8,Strand-4110,TGAAGTAG,29,Strand-4184,CTACTTCA,32
8,Strand-4041,GTCACTAG,38,Strand-4075,CTAGTGAC,31
8,Strand-4040,AGTTTAAT,31,Strand-4196,ATTAAACT,13
8,Strand-4184,AGTTCGCG,9,Strand-4187,CGCGAACT,35
8,Strand-4187,TGTGCTTG,26,Strand-4197,CAAGCACA,2
8,Strand-4199,ACAGCTGT,17,Strand-4199,ACAGCTGT,17